Bank	ReferencedAddress	ConsumerAddress	Mnemonic	AddressingMode
08	8AA2	8558	ldx	AbsoluteY
10	8540	853A	lda	AbsoluteX
10	8F28	8F1A	lda	AbsoluteX
10	8FE5	8FD6	lda	AbsoluteX
10	9A7F	9B49	lda	AbsoluteX
10	AE6E	B44D	adc	AbsoluteX
11	AB41	AB13	lda	AbsoluteY
11	AB42	AB1A	adc	AbsoluteY
11	B358	B2AD	lda	AbsoluteX
12	8614	8610	lda	AbsoluteX
12	BB01	BAC8	ldy	AbsoluteX
13	892B	88F2	lda	AbsoluteX
13	B0DC	B094	cmp	AbsoluteX
16	A151	A102	lda	AbsoluteX
16	AB50	AB41	ldy	AbsoluteX
16	AD47	AD3E	ldy	AbsoluteX
16	AE50	AE3A	ldx	AbsoluteY
16	AE72	AE5C	ldx	AbsoluteY
16	AEFB	AEEF	ldy	AbsoluteX
16	B1E8	B1DB	lda	AbsoluteX
16	B1F0	B1E2	lda	AbsoluteX
16	B232	B205	lda	AbsoluteX
16	B234	B20D	lda	AbsoluteX
16	B964	B957	lda	AbsoluteX
16	B96C	B95E	lda	AbsoluteX
16	B232	B97B	lda	AbsoluteX
16	B234	B983	lda	AbsoluteX
18	ADA9	A84C	cmp	AbsoluteX
18	ADA3	A854	lda	AbsoluteX
1D	AF81	AF63	lda	AbsoluteX
1D	B363	B33D	lda	AbsoluteX
1D	B364	B34A	lda	AbsoluteX
1E	87FC	87DF	lda	AbsoluteX
1E	87FC	87EF	sbc	AbsoluteX
